feature,shap_importance
Glucose,0.8349877235174906
BMI,0.5318460664433553
Pregnancies,0.3616543336952353
DiabetesPedigreeFunction,0.18846601744017666
BloodPressure,0.15144924532735074
Insulin,0.13310078613514123
Age,0.07391403207960641
SkinThickness,0.06344820611559467
