feature,shap_importance
Glucose,0.1636221245281103
BMI,0.072810008984832
Age,0.046835242203608574
DiabetesPedigreeFunction,0.04262597301546795
Pregnancies,0.019493624141628335
Insulin,0.008576440046407443
BloodPressure,0.0032286721239591586
SkinThickness,0.0020825169043022355
